path,class,machine,endian,soname,needed,sha256,size
bin/batterysrv,ELF32,ARM,little,,,024f0d3d08421a8b097943a0f802aee6a133001d9b39d7bf054dd6c6358b014b,157344
bin/calibration_init,ELF32,ARM,little,,libc.so;libcutils.so;libm.so;libstdc++.so,cbc95b40334796ebe64a9221344341927cfe1ac04e2b7083a7f631503fcaddcd,5400
bin/charge,ELF32,ARM,little,,,53eff00dd56b1210ce69237ee1d44ba6c3e78c4718639669b7d2e8c9a7f2c8cd,270936
bin/connfwexe,ELF32,ARM,little,,libbinder.so;libc.so;libcrypto.so;libcutils.so;libdl.so;libfactoryutil.so;libm.so;libomission_avoidance.so;libril.so;libsecnativefeature.so;libsecril-client.so;libstdc++.so;libutils.so,8438ead38c1fa7104005d8c5c922cd1cd1474b2119c8d828942ed33eac0e7da4,108704
bin/cp_diskserver,ELF32,ARM,little,,libc.so;libcutils.so;libhardware_legacy.so;liblog.so;libm.so;libstdc++.so;libutils.so,0f28163a7f293c6fd447fe60135f7fff86895377eccb32029f06375fa87a8694,16916
bin/ddexe,ELF32,ARM,little,,libc.so;libcutils.so;libm.so;libstdc++.so,f1e51b4291827fee216337672232d461381d78f66f0cc6806988089a766ef8d5,14632
bin/download,ELF32,ARM,little,,libc.so;libcutils.so;libm.so;libstdc++.so,79cdcc5f565c19f3f8c1a68f7efa111ef3214b147450e657f198f86720d2282c,35828
bin/drsd,ELF32,ARM,little,,libc.so;libcutils.so;libdl.so;libm.so;libselinux.so;libstdc++.so;libusbhost.so,08348d848495a926ba309d712193f6b8ffcaa249a57d085dd7731c9e440a1b4a,506576
bin/engpc,ELF32,ARM,little,,libatchannel.so;libc.so;libcutils.so;libdl.so;libefuse.so;libgpspc.so;libhardware.so;libhardware_legacy.so;libm.so;libnvexchange.so;libsqlite.so;libstdc++.so;libvbeffect.so;libvbpga.so,9b4159060adea5509d3266dbbc65c86b52eb7ae34849acc95d0e378f54a951ed,127180
bin/macloader,ELF32,ARM,little,,libc.so;libcutils.so;libm.so;libstdc++.so,ad93fae3d4ef16301437543ae4c56fdb251bba6a9a013b9dddbd5c2a97896999,9392
bin/mfgloader,ELF32,ARM,little,,libc.so;libcutils.so;libm.so;libstdc++.so,beff079905f4793491bb968358bbae14612a2a1f3a9e93a119ae4a3b60cd660e,9664
bin/modem_control,ELF32,ARM,little,,libc.so;libcutils.so;libhardware_legacy.so;libm.so;libstdc++.so,cce197f3906dda692a0529813b9098d87f35dfa1a0353c0df97b5c52b07bbc9a,21784
bin/modemd,ELF32,ARM,little,,libc.so;libcutils.so;libhardware_legacy.so;libm.so;libstdc++.so,0d759074fcb9fbe9dbc83e9718e1113ad1a382cfd454eb5d864913564470a502,38188
bin/npsmobex,ELF32,ARM,little,,libc.so;libcrypto.so;libcutils.so;libdl.so;libm.so;libsqlite.so;libstdc++.so,bcf7819a49c6b00d55bc1ce105361ca23516c893dc33b12685de014e9cfafe1d,238944
bin/phoneserver,ELF32,ARM,little,,libc.so;libcutils.so;libhardware_legacy.so;libm.so;libstdc++.so,db859cfceb631932f1c81fc27863848def5ff6eb36ae9972159ba27e44bf3a70,64464
bin/refnotify,ELF32,ARM,little,,libc.so;libcutils.so;libhardware_legacy.so;libm.so;libstdc++.so;libutils.so,24de86fa78a1d7c6227cfd64fbaf8b4c98e8daa2b5195e1860af74b5ab8bcfdb,13588
bin/wcnd,ELF32,ARM,little,,libc.so;libcutils.so;libengbt.so;libiwnpi.so;libm.so;libnetutils.so;libstdc++.so,7f8a96c9de588c08f1097d46110861cf24b886a528ea554ccb6df8c01e66f2fe,38228
bin/wlandutservice,ELF32,ARM,little,,libbinder.so;libc.so;libcutils.so;libm.so;libsprdftms.so;libstdc++.so;libutils.so,d80821307c29637c5009b06f21b45adb8a1cba3e44a4acd1d4091a982647bfae,25948
lib/hw/camera.sc8830.so,ELF32,ARM,little,camera.sc8830.so,libAF.so;libAl_Awb_v2.so;libae.so;libaf_running.so;libaf_tune.so;libawb.so;libbinder.so;libc.so;libcalibration.so;libcamera_client.so;libcamera_metadata.so;libcutils.so;libdeflicker.so;libgui.so;libhardware.so;liblsc.so;libm.so;libmemoryheapion.so;libsft_af_ctrl.so;libspaf.so;libsprdlsc.so;libstdc++.so;libui.so;libutils.so;libynoise.so,0bfbb8eb5db3cbe596b97d0a81bcaca9102728e2ab6d17e7e7cf8e335040cee7,9250236
lib/hw/gps.default.so,ELF32,ARM,little,lib_gnss.so,libc.so;libcrptoo.so;libcutils.so;libdl.so;libicui18n.so;libicuoc.so;libm.so;libool.so;libstdc++.so;libutils.so;libz.so,d44e0f6be1ccb3bd985decbacc0119e89ef335444218f037d37780fa531e2873,1848400
lib/hw/sensors.sc8830.so,ELF32,ARM,little,sensors.sc8830.so,libc.so;libcutils.so;libdl.so;liblog.so;libm.so;libstdc++.so;libutils.so,5d517536c6b479cd3cd3a53bca2786da85c78b7e5371a5fd8e7227025cec059e,17764
lib/lib_Samsung_Resampler.so,ELF32,ARM,little,lib_Samsung_Resampler.so,libc.so;libdl.so;liblog.so;libm.so;libstdc++.so,f2ce7eb0f280e62f0f0db158a61fb2df5e1128461fbd9536846d797edc75fc23,44952
lib/lib_Samsung_SB_AM_for_ICS_v04004.so,ELF32,ARM,little,lib_Samsung_SB_AM_for_ICS_v04004.so,libc.so;liblog.so;libm.so;libstdc++.so;libutils.so,aaa9c6bab03b0545c3af86b17eb038ec9204f209045a837b28852d1fe8cf9448,47703
lib/lib_SamsungRec_V04013.so,ELF32,ARM,little,lib_SamsungRec_V04013.so,libc.so;libdl.so;liblog.so;libm.so;libstdc++.so,9f0671a8fc19f1b32cb2bf80b742d45afeae8defb1c68fbc0a3ee3816d7f5157,59784
lib/libae.so,ELF32,ARM,little,libae.so,libc.so;libcutils.so;liblog.so;libm.so;libstdc++.so;libutils.so,afb704814c212ef95fd6c9409385dbf1c0ffef5f62b116306bdbc572cbb2cb52,81864
lib/libAF.so,ELF32,ARM,little,libAF.so,libc.so;libdl.so;libm.so;libstdc++.so,5a4a46d1b64edabd87ff90f742127e49e9de15240d690c064aa935f16b174d18,58508
lib/libaf_running.so,ELF32,ARM,little,libaf_running.so,libc.so;libdl.so;libm.so;libstdc++.so,3f6adcaf6916c691d47ce1109c4189e28648f1c8c5344bc451b7bcbcb304c7a0,41608
lib/libaf_tune.so,ELF32,ARM,little,libaf_tune.so,libAF.so;libc.so;libdl.so;libm.so;libstdc++.so,4c17c610b6a9ceb9dca24910e7f67146309f7764c70df73c2dc615239cce4981,44812
lib/libAl_Awb_v2.so,ELF32,ARM,little,libAl_Awb_v2.so,libc.so;libdl.so;liblog.so;libm.so;libstdc++.so;libz.so,eaab0eaa31477a59ce2b2eb787cec19236550ea40ee31e1f9111fbc647bece58,281444
lib/libatchannel.so,ELF32,ARM,little,libatchannel.so,libbinder.so;libc.so;libcutils.so;libm.so;libsecril-client.so;libstdc++.so;libutils.so,035446d5d3cb6f9e48b2428337bac7ce68f41cd64716669ac5e709880a279fe1,13528
lib/libaudio-ril.so,ELF32,ARM,little,libaudio-ril.so,libc.so;libcutils.so;liblog.so;libm.so;libsecril-client.so;libstdc++.so;libutils.so,ed32407f7504c25d42bf356cf396972b9f6bd1c047651a6af88a0e4e0e65ef65,17572
lib/libawb.so,ELF32,ARM,little,libawb.so,libc.so;libcutils.so;liblog.so;libm.so;libstdc++.so;libutils.so,e4de186bb248ed8352f9aad801df9ad1ac1e7ffd106412be22f35a0dfe7afbdf,46364
lib/libbm.so,ELF32,ARM,little,libbm.so,libc.so;libcutils.so;liblog.so;libm.so;libstdc++.so,285a369446441797218d9921d1eaedaafdbc23eaca2ef6c9dac7442040575a6b,5232
lib/libbt-aptx-4.0.3.so,ELF32,ARM,little,libbt-aptx-4.0.3.so,libc.so;libm.so;libstdc++.so,217b86ded5caf6fddef5e24c6e20975b80546cab92ec701bbccb173889ea45fc,20564
lib/libbt-codec_aptx.so,ELF32,ARM,little,libbt-codec_aptx.so,libbt-aptx-4.0.3.so;libc.so;libcutils.so;liblog.so;libm.so;libstdc++.so,b7a94df8c265a2dd91961ab2859f3af068dc9fe13a7acc3b120acd31a382461b,5340
lib/libbt-codec_sshd.so,ELF32,ARM,little,libbt-codec_sshd.so,libc.so;libcutils.so;libm.so;libstdc++.so,5ad95badaf46cc76b0df67f8b7ee1b299568b6d6ae16e929099f35558952d728,178952
lib/libbt-iopdb.so,ELF32,ARM,little,libbt-iopdb.so,libbt-iopdb_mod.so;libc.so;libcutils.so;libm.so;libstdc++.so,375e7b6884f07a7cab18bc7f09a855db549c5f9d2e406fafd8d4f59de73504f2,5136
lib/libbt-iopdb_mod.so,ELF32,ARM,little,libbt-iopdb_mod.so,libc.so;libcutils.so;libicuuc.so;libm.so;libstdc++.so,a380ae4006304edf0ab6386e5d67687de7771cd362643e5d2ba9b443dec315a6,9336
lib/libbt-vendor.so,ELF32,ARM,little,libbt-vendor.so,libc.so;libcutils.so;liblog.so;libm.so;libstdc++.so,b451ef165ee5316d13f1154af5d5a69b4a748e0e51a74d5d914e53886b786c04,22252
lib/libcalibration.so,ELF32,ARM,little,libcalibration.so,libc.so;libcutils.so;liblog.so;libm.so;libstdc++.so;libutils.so,f8c85f5d0a1fd5c02d865c57c1aaf0465be3bd4973f99d78f955d528651aa52f,48272
lib/libcc_manager.so,ELF32,ARM,little,libcc_manager.so,libc.so;libcutils.so;libm.so;libstdc++.so,09389c7cd28f5e5f9e7c79baa9eb5288c278963b5070d78bcab37335f8e71021,5184
lib/libcharon.so,ELF32,ARM,little,libcharon.so,libc.so;libcrypto.so;libcutils.so;libhydra.so;liblog.so;libm.so;libstdc++.so;libstrongswan.so,cc8b927adffb378070428570bdb9d4fce997b6c147c8a9e2c14d785651ac0dfb,515756
lib/libcrptoo.so,ELF32,ARM,little,libcrypto.so,libc.so;libdl.so;liblog.so;libm.so;libstdc++.so,bbc4d7744c65ed120c873d634594f4ce572b221a93f5dbfa6ef29679518e781f,999360
lib/libdeflicker.so,ELF32,ARM,little,libdeflicker.so,libc.so;libcutils.so;liblog.so;libm.so;libstdc++.so;libutils.so,e9cbed282be2d19725c278f09a4635da6ed853c9814b13838bcd6d3ad5290e2d,17540
lib/libedmnativehelper.so,ELF32,ARM,little,libedmnativehelper.so,libbinder.so;libc.so;libcutils.so;libm.so;libstdc++.so;libutils.so,df80da769dd4c2f5074bfe894e3278142435c410a080cb9f9baf5bd832c7be80,25816
lib/libefuse.so,ELF32,ARM,little,libefuse.so,libc.so;libcutils.so;liblog.so;libm.so;libstdc++.so,151d23353347bd0444a56b9d13671424ab35217a340966c19939b72da15e980e,9324
lib/libengbt.so,ELF32,ARM,little,libengbt.so,libc.so;libcutils.so;libhardware.so;libhardware_legacy.so;libm.so;libstdc++.so;libutils.so,95b9df6720a89a1b0f21fd87903846f4bd9cba65335549ce40640e76525995ec,13568
lib/libfactoryutil.so,ELF32,ARM,little,libfactoryutil.so,libc.so;libcutils.so;libdl.so;libm.so;libpower.so;libstdc++.so;libstlport.so;libutils.so,a751db9f023497c97587edc6d502b20b6924af4b18f0ed3115509028466cbae6,21616
lib/libgpspc.so,ELF32,ARM,little,libgpspc.so,libc.so;libcutils.so;libdl.so;liblog.so;libm.so;libstdc++.so;libutils.so,e59f0a38188ff83a919a60a27ff6e3ad78095888c05e778db808bbc97f9d562a,17684
lib/libhydra.so,ELF32,ARM,little,libhydra.so,libc.so;libm.so;libstdc++.so;libstrongswan.so,d07abad8bfe7d659eacc267a31010858527813c9001b92a67bfc89c12e7b8929,71336
lib/libicuoc.so,ELF32,ARM,little,libicuuc.so,libc++.so;libc.so;libdl.so;libm.so,ace30f8cb41d6d374b2cdde92545bbeb883d2f32228a59fe947bc6c4892e6561,1128028
lib/libiwnpi.so,ELF32,ARM,little,libiwnpi.so,libc.so;libcutils.so;libm.so;libstdc++.so;libutils.so,9a53fa5244ebc1fa76c6bd70835b28b512d1623c9f38e0c733cdbbb18f397d02,69176
lib/liblsc.so,ELF32,ARM,little,liblsc.so,libc.so;libcutils.so;liblog.so;libm.so;libstdc++.so;libutils.so,ffb1121c2485017a3e41857030f311fa67f1424394814bed13611ff62f0ff39c,17972
lib/libmaet.so,ELF32,ARM,little,libmaet.so,libc.so;libdl.so;liblog.so;libm.so;libstdc++.so;libsxqk_skia.so,c17c415ca36a976be93ab2a9c0687b76c88346e1500a14a1d39bfc23e1664fce,308744
lib/libmemoryheapion.so,ELF32,ARM,little,libmemoryheapion.so,libc.so;libcutils.so;liblog.so;libm.so;libstdc++.so;libutils.so,7653c08e559ce99add2f2f9fa85c2e5dd5c38842e6419e72093b30e7b3609166,13428
lib/libnvexchange.so,ELF32,ARM,little,libnvexchange.so,libaudioutils.so;libc.so;libcutils.so;libdl.so;libexpat.so;libhardware_legacy.so;liblog.so;libm.so;libstdc++.so;libtinyalsa.so,822143a14be9f86cc8620122808d43b4289f578666a025dcdf96a8cac5f51334,17516
lib/libomission_avoidance.so,ELF32,ARM,little,libomission_avoidance.so,libc.so;libcutils.so;libfactoryutil.so;libm.so;libpower.so;libstdc++.so;libutils.so,5265892fe4844032228d90ece29e5835e885586540d80cf8e32e185181ce8e17,9328
lib/libomx_aacdec_sprd.so,ELF32,ARM,little,libomx_aacdec_sprd.so,libc.so;libm.so;libstdc++.so,f059786835c6ea8172f43ad78e6e4db6ed383f3c313eac03b7f99e590a43dc6c,138104
lib/libomx_avcdec_hw_sprd.so,ELF32,ARM,little,libomx_avcdec_hw_sprd.so,libc++.so;libc.so;libcutils.so;libdl.so;liblog.so;libm.so;libutils.so,c8adf87ee2ca1de055bc2945c541603a123fc336bd1c8872f650eff6ac8917fb,116852
lib/libomx_avcdec_sw_sprd.so,ELF32,ARM,little,libomx_avcdec_sw_sprd.so,libc++.so;libc.so;libcutils.so;libdl.so;liblog.so;libm.so;libutils.so,e543aaac2d9e122e4492493c5c51bd3473c45058f96fe5126de12ec40910c35b,190100
lib/libomx_avcenc_hw_sprd.so,ELF32,ARM,little,libomx_avcenc_hw_sprd.so,libc++.so;libc.so;libcutils.so;libdl.so;liblog.so;libm.so;libutils.so,65364b14dc6659238ef15380e83dd92e6e9df103551728fe4beed2389a9309ba,87712
lib/libomx_m4vh263dec_hw_sprd.so,ELF32,ARM,little,libomx_m4vh263dec_hw_sprd.so,libc++.so;libc.so;libcutils.so;libdl.so;liblog.so;libm.so;libutils.so,b0d270328e6f44228a4810ef4c546becf85b1bb5f4d31bcb309813f0027c464e,43712
lib/libomx_m4vh263dec_sw_sprd.so,ELF32,ARM,little,libomx_m4vh263dec_sw_sprd.so,libc++.so;libc.so;libcutils.so;libdl.so;liblog.so;libm.so;libutils.so,d0de1bfc9d158fa7351b1ed96ff1cfae3485b80c0a96c082fd219b3c948354ad,99960
lib/libomx_m4vh263enc_hw_sprd.so,ELF32,ARM,little,libomx_m4vh263enc_hw_sprd.so,libc++.so;libc.so;libcutils.so;libdl.so;liblog.so;libm.so;libutils.so,91eb5c1dd59407e68b31ea3cb402d15b2c510179e512ab781f710e6f1b61eb73,39444
lib/libomx_mp3dec_sprd.so,ELF32,ARM,little,libomx_mp3dec_sprd.so,libc++.so;libc.so;libdl.so;libm.so,f21067387141b3f921a3151f3e273e3463371e2b44e9013df0635499dc8a3f18,54804
lib/libomx_vpxdec_hw_sprd.so,ELF32,ARM,little,libomx_vpxdec_hw_sprd.so,libc++.so;libc.so;libcutils.so;libdl.so;liblog.so;libm.so;libutils.so,333eb56b12bb85557c6d7590e7e12bac2dc076f80510e9a1bb6d582814674ff0,42516
lib/libool.so,ELF32,ARM,little,libssl.so,libc.so;libcc_manager.so;libcrypto.so;liblog.so;libm.so;libstdc++.so,ca62f4177e721cb2c8090003dd97770c641d791efdfd63a1ed2934cb0ef1085f,261992
lib/libQjpeg.so,ELF32,ARM,little,libQjpeg.so,libc.so;libdl.so;libjnigraphics.so;liblog.so;libm.so;libstdc++.so,8079ef4742ad28350a5190d88511204c9510ecdda9c067bf5df46c88630d5368,885616
lib/libQmageDecoder.so,ELF32,ARM,little,libQmageDecoder.so,libc.so;libdl.so;libjnigraphics.so;liblog.so;libm.so;libstdc++.so;libz.so,899904293fdb047774c773ea9d5f7327439cde8414fa491faa415b27a00845bc,618728
lib/librilutils.so,ELF32,ARM,little,librilutils.so,libc.so;libm.so;libstdc++.so,8e2dda77fa7280ee32ad6ab81ec82a9ffb17cadcec582c9d9573658a0f1aa744,5136
lib/libsamsungRecord.so,ELF32,ARM,little,libsamsungRecord.so,lib_SamsungRec_V04013.so;libc.so;libcutils.so;libm.so;libstdc++.so;libutils.so,7d151a4280d8290011ed6a111deb0816671ad3633f96306a0a6a569668dbdc32,9280
lib/libsamsungSoundbooster.so,ELF32,ARM,little,libsamsungSoundbooster.so,lib_Samsung_SB_AM_for_ICS_v04004.so;libc.so;libm.so;libstdc++.so;libutils.so,0b3c2a386a422c1435bff9a1731c2104ef675a7a9ff1da3eca0e33c540d7b464,9280
lib/libseccamera_jni.so,ELF32,ARM,little,libseccamera_jni.so,libandroid_runtime.so;libbinder.so;libc.so;libcamera_client.so;libcutils.so;libgui.so;libm.so;libmedia.so;libnativehelper.so;libstdc++.so;libutils.so,e24c19c1dacdc10f5d8cc37d889195fa85134afc28ce1833f8a788eec1ae04a1,30548
lib/libseccameracore.so,ELF32,ARM,little,libseccameracore.so,libEGL.so;libGLESv1_CM.so;libGLESv2.so;libandroid.so;libarccamera.so;libarcsoft_panorama_burstcapture.so;libarcsoft_selfie_camera_lite.so;libarcsoft_sensorndk.so;libbinder.so;libc.so;libcamera_client.so;libcutils.so;libdl.so;libdmcFaceEngine.so;libedmnativehelper.so;libexifa.so;libgui.so;libhardware.so;libjpeg.so;libjpega.so;libm.so;libmedia.so;libnbaio.so;libpalmMobileDetectorFull.so;libquramresize.so;libsecface.so;libsecjpeginterface.so;libstdc++.so;libui.so;libutils.so,aafb0be49ceffc7cafbd4539c5b881567d7f6012ec371ff77df909548a9acbd3,181472
lib/libsecnativefeature.so,ELF32,ARM,little,libsecnativefeature.so,libc.so;libexpat.so;libm.so;libstdc++.so;libstlport.so,d986a023599ba415983eb7ee2c32af5a09e2422b4236059479a495f18814a352,13420
lib/libsecril-client.so,ELF32,ARM,little,libsecril-client.so,libbinder.so;libc.so;libcutils.so;libhardware_legacy.so;libm.so;libstdc++.so;libutils.so,8a15acf27a88be5887025511260e822b8ec9e5b7008945040ed12f46fafa3a19,17520
lib/libsecure_storage.so,ELF32,ARM,little,libsecure_storage.so,libc.so;libdl.so;liblog.so;libm.so;libstdc++.so,ffd189bc6d7751a6cdc9f9ac1e5094f09e07b00ced16f88e2f3804d6a4530453,259380
lib/libsft_af_ctrl.so,ELF32,ARM,little,libsft_af_ctrl.so,libAF.so;libaf_tune.so;libc.so;libdl.so;libm.so;libstdc++.so,35a5d50aaa9a52f72b287b09559b924e79f4dd54d7adc1777a75c9d69a27e49a,21644
lib/libspaf.so,ELF32,ARM,little,libspaf.so,libc.so;libcutils.so;liblog.so;libm.so;libstdc++.so;libutils.so,56f2ad2d3c0aa289b57e4a9b92a0f9466ee466096c25e36beeb240c52afa203a,25736
lib/libsprdlsc.so,ELF32,ARM,little,libsprdlsc.so,libc.so;libcutils.so;libm.so;libstdc++.so;libutils.so,b5b21602613c8a70238e478ed86a3012f70d1e30928a48a95c40becb4895f306,29880
lib/libstlport.so,ELF32,ARM,little,libstlport.so,libc.so;libm.so;libstdc++.so,d07d82c81e83301f75b39bb67e3dd263f2e2328c8a333e66594f1635da0dc229,234836
lib/libstrongswan.so,ELF32,ARM,little,libstrongswan.so,libc.so;libcrypto.so;libcutils.so;libdl.so;libm.so;libssl.so;libstdc++.so;libz.so,92a430a561e9fad296e2c2b6fa645a34838e398286ad433deda9ae32cce41f60,614004
lib/libsxqk_skia.so,ELF32,ARM,little,libsxqk_skia.so,libc.so;libdl.so;liblog.so;libm.so;libstdc++.so,a61d35fb40069fe1b31dab13d99d802891c4bba4e940a56ffdbfd18e4a753fb3,91716
lib/libvbeffect.so,ELF32,ARM,little,libvbeffect.so,libc.so;libcutils.so;liblog.so;libm.so;libnvexchange.so;libstdc++.so;libtinyalsa.so,536454f1401bdae724c1b40c9320d472383a9257530adf1f51c20503ee5869df,58480
lib/libvbpga.so,ELF32,ARM,little,libvbpga.so,libaudioutils.so;libc.so;libcutils.so;libdl.so;libexpat.so;libhardware_legacy.so;liblog.so;libm.so;libstdc++.so;libtinyalsa.so,f382aeb4682b2e04a93a9fee9e77537e8473f4c92e7a8a7cfb5f5ad0cb1070d1,13324
lib/libwrappergps.so,ELF32,ARM,little,libwrappergps.so,libbinder.so;libc.so;libcutils.so;libdl.so;libgui.so;libhardware_legacy.so;libm.so;libril.so;libsec-ril.so;libsecril-client.so;libsqlite.so;libstdc++.so;libutils.so,58a7cdf7ac7b73c921319fe7ebad0ea1261ead1c02ad3c7189aba151bddd42c3,25708
lib/libynoise.so,ELF32,ARM,little,libynoise.so,libbinder.so;libc.so;libcutils.so;liblog.so;libm.so;libstdc++.so;libui.so;libutils.so,dde84e73d2f87bbf918be043111884e52a3dbd1a65e581447ff6e9e4796bdbcb,9320
sbin/sswap,ELF32,ARM,little,,,cbada9f390d5eb00b080ce69b31059bcfe25229d7a0b45226cc0fa8fdbaf25b3,161504
vendor/lib/drm/libdrmwvmplugin.so,ELF32,ARM,little,libdrmwvmplugin.so,libQSEEComAPI.so;libWVStreamControlAPI_L1.so;libbinder.so;libc++.so;libc.so;libcutils.so;libdl.so;liblog.so;libm.so;libutils.so;libwvdrm_L1.so;libz.so,8665c48df0954b1df6c9c0d2f7d926bf01b89f6d6a82aafa611eaaadfd6e5b92,128668
vendor/lib/libwvdrm_L1.so,ELF32,ARM,little,libwvdrm_L1.so,libWVStreamControlAPI_L1.so;libc++.so;libc.so;libcutils.so;liblog.so;libm.so;libutils.so;libz.so,4d97453586820981544fff324ed2bc260a3d6726f716744eeb2ef26ce7702bb2,75236
vendor/lib/libwvm.so,ELF32,ARM,little,libwvm.so,libQSEEComAPI.so;libWVStreamControlAPI_L1.so;libbinder.so;libc++.so;libc.so;libcutils.so;libdl.so;libdrmframework.so;liblog.so;libm.so;libmedia.so;libstagefright.so;libstagefright_foundation.so;libutils.so;libz.so,5e326fb7418e59df476a37b72c9d2244d5d9b12b7ad4d9cabe713e74a31a90f4,95840
vendor/lib/libWVphoneAPI.so,ELF32,ARM,little,,libc.so;libdl.so;liblog.so;libm.so,0d5acbc1a76d6c2f33819111ad97bd3cb8039a6ef926c4df6552c4516fa52e17,830276
vendor/lib/libWVStreamControlAPI_L1.so,ELF32,ARM,little,libWVStreamControlAPI_L1.so,libc++.so;libc.so;libcutils.so;libdl.so;liblog.so;libm.so;libnetutils.so;libutils.so;libz.so,d164eb14c4e18ea2d59f58610ce42d7464f75e5e63aa652a654032397318e039,2405772
vendor/lib/mediadrm/libdrmclearkeyplugin.so,ELF32,ARM,little,libdrmclearkeyplugin.so,libc++.so;libc.so;libcrypto.so;libdl.so;liblog.so;libm.so;libstagefright_foundation.so;libutils.so,5f1dfce3c8622f805a05fe03c50bd8635305db0413ba434d7ff328edfad4fecd,38500
vendor/lib/mediadrm/libwvdrmengine.so,ELF32,ARM,little,libwvdrmengine.so,libc++.so;libc.so;libcutils.so;libdl.so;liblog.so;libm.so;libprotobuf-cpp-lite.so;libstagefright_foundation.so;libutils.so,cb44312147aac4e0d662813f0613684c7ca9e7419034b0c340692da67bc08aae,1420008
